[{"id":"user-image-founder-minaar.jpg","publicUrl":"np://user.desktop.nicepage.com/Site_361527955/images/founder-minaar.jpg","size":126985,"hash":"a8wQQbGUJDKRh0aAwmXebEn/fHQ=","fileName":"founder-minaar.jpg","name":"founder-minaar","width":558,"height":348,"thumbnail":{"url":"np://user.desktop.nicepage.com/Site_361527955/images/thumbnails/founder-minaar.jpg","width":250,"height":156},"folderId":null,"usages":["2368917131"]},{"id":"user-image-LAUKIKIKHEER.jpg","publicUrl":"np://user.desktop.nicepage.com/Site_361527955/images/LAUKIKIKHEER.jpg","size":474839,"hash":"TCP0hkzKj/blQvTMB7LU9pIBKEE=","fileName":"LAUKIKIKHEER.jpg","name":"LAUKIKIKHEER","width":1920,"height":1280,"thumbnail":{"url":"np://user.desktop.nicepage.com/Site_361527955/images/thumbnails/LAUKIKIKHEER.jpg","width":250,"height":167},"folderId":null,"usages":["224870509"]},{"id":"user-image-KHUBANIKAMEETHA.jpg","publicUrl":"np://user.desktop.nicepage.com/Site_361527955/images/KHUBANIKAMEETHA.jpg","size":542500,"hash":"Mbe2nJkdT5mfK6Igiz5unQYDKQ4=","fileName":"KHUBANIKAMEETHA.jpg","name":"KHUBANIKAMEETHA","width":1920,"height":1280,"thumbnail":{"url":"np://user.desktop.nicepage.com/Site_361527955/images/thumbnails/KHUBANIKAMEETHA.jpg","width":250,"height":167},"folderId":null,"usages":["224870509"]},{"id":"user-image-ERNAKULAMKONJUPOLLICHATTU-PRAWNS.jpg","publicUrl":"np://user.desktop.nicepage.com/Site_361527955/images/ERNAKULAMKONJUPOLLICHATTU-PRAWNS.jpg","size":3975596,"hash":"VCSRZ0ek+FpQeDtIyW/4i1vMWuo=","fileName":"ERNAKULAMKONJUPOLLICHATTU-PRAWNS.jpg","name":"ERNAKULAMKONJUPOLLICHATTU-PRAWNS","width":5836,"height":3891,"thumbnail":{"url":"np://user.desktop.nicepage.com/Site_361527955/images/thumbnails/ERNAKULAMKONJUPOLLICHATTU-PRAWNS.jpg","width":250,"height":167},"folderId":null,"usages":["2368917131"]},{"id":"user-image-NAWABISUBZTARKARIDUMBIRIYANI.jpg","publicUrl":"np://user.desktop.nicepage.com/Site_361527955/images/NAWABISUBZTARKARIDUMBIRIYANI.jpg","size":4467556,"hash":"JgheXXnWUX7OAErLERSDJ97BEV8=","fileName":"NAWABISUBZTARKARIDUMBIRIYANI.jpg","name":"NAWABISUBZTARKARIDUMBIRIYANI","width":6240,"height":4160,"thumbnail":{"url":"np://user.desktop.nicepage.com/Site_361527955/images/thumbnails/NAWABISUBZTARKARIDUMBIRIYANI.jpg","width":250,"height":167},"folderId":null,"usages":["224870509"]},{"id":"user-image-MINAARKIROWDYBIRIYANI-CHICKEN.jpg","publicUrl":"np://user.desktop.nicepage.com/Site_361527955/images/MINAARKIROWDYBIRIYANI-CHICKEN.jpg","size":4164722,"hash":"CmhhlXSHRGMclgToG2yrpprYRZg=","fileName":"MINAARKIROWDYBIRIYANI-CHICKEN.jpg","name":"MINAARKIROWDYBIRIYANI-CHICKEN","width":5880,"height":3920,"thumbnail":{"url":"np://user.desktop.nicepage.com/Site_361527955/images/thumbnails/MINAARKIROWDYBIRIYANI-CHICKEN.jpg","width":250,"height":167},"folderId":null,"usages":["224870509"]},{"id":"user-image-PANEERGHEEROASTBIRIYANI.jpg","publicUrl":"np://user.desktop.nicepage.com/Site_361527955/images/PANEERGHEEROASTBIRIYANI.jpg","size":4165195,"hash":"oX/+xi3e2P43kuGqaJkRKglD1MQ=","fileName":"PANEERGHEEROASTBIRIYANI.jpg","name":"PANEERGHEEROASTBIRIYANI","width":9504,"height":6336,"thumbnail":{"url":"np://user.desktop.nicepage.com/Site_361527955/images/thumbnails/PANEERGHEEROASTBIRIYANI.jpg","width":250,"height":167},"folderId":null,"usages":["224870509"]},{"id":"user-image-MINAARIBHUNAGOSHT.jpg","publicUrl":"np://user.desktop.nicepage.com/Site_361527955/images/MINAARIBHUNAGOSHT.jpg","size":3962467,"hash":"g/uRQZrOaIiOWAca4c8B4iNL+7U=","fileName":"MINAARIBHUNAGOSHT.jpg","name":"MINAARIBHUNAGOSHT","width":6067,"height":4045,"thumbnail":{"url":"np://user.desktop.nicepage.com/Site_361527955/images/thumbnails/MINAARIBHUNAGOSHT.jpg","width":250,"height":167},"folderId":null,"usages":["224870509"]},{"id":"user-image-MURGHMAKHANMASALA.jpg","publicUrl":"np://user.desktop.nicepage.com/Site_361527955/images/MURGHMAKHANMASALA.jpg","size":3618369,"hash":"BNc9/vsY+xg+bBcY7Yz0oFbbuVM=","fileName":"MURGHMAKHANMASALA.jpg","name":"MURGHMAKHANMASALA","width":6121,"height":4081,"thumbnail":{"url":"np://user.desktop.nicepage.com/Site_361527955/images/thumbnails/MURGHMAKHANMASALA.jpg","width":250,"height":167},"folderId":null,"usages":["224870509","2368917131"]},{"id":"user-image-HYDERABADSUBZSHIKAMPURITIKKI.jpg","publicUrl":"np://user.desktop.nicepage.com/Site_361527955/images/HYDERABADSUBZSHIKAMPURITIKKI.jpg","size":3902618,"hash":"ySnOS1kgz2be5rauLMObRO6DDdc=","fileName":"HYDERABADSUBZSHIKAMPURITIKKI.jpg","name":"HYDERABADSUBZSHIKAMPURITIKKI","width":5804,"height":3869,"thumbnail":{"url":"np://user.desktop.nicepage.com/Site_361527955/images/thumbnails/HYDERABADSUBZSHIKAMPURITIKKI.jpg","width":250,"height":167},"folderId":null,"usages":["224870509"]},{"id":"user-image-KOCHICHEENAWALAKONJROAST-PRAWNS.jpg","publicUrl":"np://user.desktop.nicepage.com/Site_361527955/images/KOCHICHEENAWALAKONJROAST-PRAWNS.jpg","size":4155705,"hash":"C6Lp5v2F4hABYVIOk4DgZotm4KM=","fileName":"KOCHICHEENAWALAKONJROAST-PRAWNS.jpg","name":"KOCHICHEENAWALAKONJROAST-PRAWNS","width":5944,"height":3963,"thumbnail":{"url":"np://user.desktop.nicepage.com/Site_361527955/images/thumbnails/KOCHICHEENAWALAKONJROAST-PRAWNS.jpg","width":250,"height":167},"folderId":null,"usages":["224870509"]},{"id":"user-image-8212733.png","publicUrl":"np://user.desktop.nicepage.com/Site_361527955/images/8212733.png","size":434,"hash":"tzQ8A0EwcQrFNPBt59xixTWbUj8=","fileName":"8212733.png","name":"8212733","width":128,"height":128,"thumbnail":{"url":"np://user.desktop.nicepage.com/Site_361527955/images/thumbnails/8212733.png","width":128,"height":128,"length":434,"type":"png"},"folderId":null,"usages":[]},{"id":"user-image-b1.png","publicUrl":"np://user.desktop.nicepage.com/Site_361527955/images/b1.png","size":25660,"fileName":"b1.png","name":"b1","width":500,"height":500,"thumbnail":{"url":"np://user.desktop.nicepage.com/Site_361527955/images/thumbnails/b1.png","width":250,"height":250},"usages":["2368917131"]},{"id":"user-image-112-1129130_cafe-catering-logo-clip-art-catering-logo-png-removebg-preview.png","publicUrl":"np://user.desktop.nicepage.com/Site_361527955/images/112-1129130_cafe-catering-logo-clip-art-catering-logo-png-removebg-preview.png","size":148601,"fileName":"112-1129130_cafe-catering-logo-clip-art-catering-logo-png-removebg-preview.png","name":"112-1129130_cafe-catering-logo-clip-art-catering-logo-png-removebg-preview","width":484,"height":515,"thumbnail":{"url":"np://user.desktop.nicepage.com/Site_361527955/images/thumbnails/112-1129130_cafe-catering-logo-clip-art-catering-logo-png-removebg-preview.png","width":235,"height":250},"usages":["2368917131"]},{"id":"user-image-1384023.png","publicUrl":"np://user.desktop.nicepage.com/Site_361527955/images/1384023.png","size":3613,"fileName":"1384023.png","name":"1384023","width":128,"height":128,"thumbnail":{"url":"np://user.desktop.nicepage.com/Site_361527955/images/thumbnails/1384023.png","width":128,"height":128,"length":3613},"usages":["2368917131"]},{"id":"user-image-2175193.png","publicUrl":"np://user.desktop.nicepage.com/Site_361527955/images/2175193.png","size":2392,"fileName":"2175193.png","name":"2175193","width":128,"height":128,"thumbnail":{"url":"np://user.desktop.nicepage.com/Site_361527955/images/thumbnails/2175193.png","width":128,"height":128,"length":2392},"usages":[]},{"id":"user-image-254409.png","publicUrl":"np://user.desktop.nicepage.com/Site_361527955/images/254409.png","size":3119,"fileName":"254409.png","name":"254409","width":128,"height":128,"thumbnail":{"url":"np://user.desktop.nicepage.com/Site_361527955/images/thumbnails/254409.png","width":128,"height":128,"length":3119},"usages":[]},{"id":"user-image-3059561.png","publicUrl":"np://user.desktop.nicepage.com/Site_361527955/images/3059561.png","size":3138,"fileName":"3059561.png","name":"3059561","width":128,"height":128,"thumbnail":{"url":"np://user.desktop.nicepage.com/Site_361527955/images/thumbnails/3059561.png","width":128,"height":128,"length":3138},"usages":["2368917131"]},{"id":"user-image-3178158.png","publicUrl":"np://user.desktop.nicepage.com/Site_361527955/images/3178158.png","size":2951,"fileName":"3178158.png","name":"3178158","width":128,"height":128,"thumbnail":{"url":"np://user.desktop.nicepage.com/Site_361527955/images/thumbnails/3178158.png","width":128,"height":128,"length":2951},"usages":["2368917131"]},{"id":"user-image-3670274.png","publicUrl":"np://user.desktop.nicepage.com/Site_361527955/images/3670274.png","size":3745,"fileName":"3670274.png","name":"3670274","width":128,"height":128,"thumbnail":{"url":"np://user.desktop.nicepage.com/Site_361527955/images/thumbnails/3670274.png","width":128,"height":128,"length":3745},"usages":[]},{"id":"user-image-725624.png","publicUrl":"np://user.desktop.nicepage.com/Site_361527955/images/725624.png","size":3232,"fileName":"725624.png","name":"725624","width":128,"height":128,"thumbnail":{"url":"np://user.desktop.nicepage.com/Site_361527955/images/thumbnails/725624.png","width":128,"height":128,"length":3232},"usages":[]},{"id":"user-image-DSC02399.jpg","publicUrl":"np://user.desktop.nicepage.com/Site_361527955/images/DSC02399.jpg","size":589881,"fileName":"DSC02399.jpg","name":"DSC02399","width":1920,"height":1280,"thumbnail":{"url":"np://user.desktop.nicepage.com/Site_361527955/images/thumbnails/DSC02399.jpg","width":250,"height":167},"usages":["2368917131","224870509"]},{"id":"user-image-DSC02444.jpg","publicUrl":"np://user.desktop.nicepage.com/Site_361527955/images/DSC02444.jpg","size":766769,"fileName":"DSC02444.jpg","name":"DSC02444","width":1920,"height":1280,"thumbnail":{"url":"np://user.desktop.nicepage.com/Site_361527955/images/thumbnails/DSC02444.jpg","width":250,"height":167},"usages":["2368917131","224870509"]},{"id":"user-image-DSC02536.jpg","publicUrl":"np://user.desktop.nicepage.com/Site_361527955/images/DSC02536.jpg","size":160944,"fileName":"DSC02536.jpg","name":"DSC02536","width":1920,"height":1080,"thumbnail":{"url":"np://user.desktop.nicepage.com/Site_361527955/images/thumbnails/DSC02536.jpg","width":250,"height":141},"usages":["2368917131","224870509"]},{"id":"user-image-GUNTURGONGURAMAMSAM.jpg","publicUrl":"np://user.desktop.nicepage.com/Site_361527955/images/GUNTURGONGURAMAMSAM.jpg","size":712430,"fileName":"GUNTURGONGURAMAMSAM.jpg","name":"GUNTURGONGURAMAMSAM","width":1920,"height":1280,"thumbnail":{"url":"np://user.desktop.nicepage.com/Site_361527955/images/thumbnails/GUNTURGONGURAMAMSAM.jpg","width":250,"height":167},"usages":["2368917131"]},{"id":"user-image-1384014.png","publicUrl":"np://user.desktop.nicepage.com/Site_361527955/images/1384014.png","size":2634,"fileName":"1384014.png","name":"1384014","width":128,"height":128,"thumbnail":{"url":"np://user.desktop.nicepage.com/Site_361527955/images/thumbnails/1384014.png","width":128,"height":128,"length":2634},"usages":[]},{"id":"user-image-background.jpg","publicUrl":"np://user.desktop.nicepage.com/Site_361527955/images/background.jpg","size":499486,"fileName":"background.jpg","name":"background","width":1920,"height":1080,"thumbnail":{"url":"np://user.desktop.nicepage.com/Site_361527955/images/thumbnails/background.jpg","width":250,"height":141},"usages":["2368917131","224870509"]},{"id":"user-image-c3.png","publicUrl":"np://user.desktop.nicepage.com/Site_361527955/images/c3.png","size":17646,"fileName":"c3.png","name":"c3","width":500,"height":388,"thumbnail":{"url":"np://user.desktop.nicepage.com/Site_361527955/images/thumbnails/c3.png","width":250,"height":194},"usages":["2368917131"]},{"id":"user-image-chickenbiryani.jpg","publicUrl":"np://user.desktop.nicepage.com/Site_361527955/images/chickenbiryani.jpg","size":1187678,"fileName":"chickenbiryani.jpg","name":"chickenbiryani","width":1920,"height":1920,"thumbnail":{"url":"np://user.desktop.nicepage.com/Site_361527955/images/thumbnails/chickenbiryani.jpg","width":250,"height":250},"usages":["2368917131"]},{"id":"user-image-daalmakhni.jpg","publicUrl":"np://user.desktop.nicepage.com/Site_361527955/images/daalmakhni.jpg","size":1078760,"fileName":"daalmakhni.jpg","name":"daalmakhni","width":1919,"height":1920,"thumbnail":{"url":"np://user.desktop.nicepage.com/Site_361527955/images/thumbnails/daalmakhni.jpg","width":250,"height":250},"usages":["2368917131","224870509"]},{"id":"user-image-karnataka.jpg","publicUrl":"np://user.desktop.nicepage.com/Site_361527955/images/karnataka.jpg","size":780991,"fileName":"karnataka.jpg","name":"karnataka","width":1920,"height":1280,"thumbnail":{"url":"np://user.desktop.nicepage.com/Site_361527955/images/thumbnails/karnataka.jpg","width":250,"height":167},"usages":["224870509","2368917131"]},{"id":"user-image-kerala-updated.jpg","publicUrl":"np://user.desktop.nicepage.com/Site_361527955/images/kerala-updated.jpg","size":821754,"fileName":"kerala-updated.jpg","name":"kerala-updated","width":1920,"height":1288,"thumbnail":{"url":"np://user.desktop.nicepage.com/Site_361527955/images/thumbnails/kerala-updated.jpg","width":250,"height":168},"usages":["224870509"]},{"id":"user-image-mb-logo-trans.png","publicUrl":"np://user.desktop.nicepage.com/Site_361527955/images/mb-logo-trans.png","size":169278,"fileName":"mb-logo-trans.png","name":"mb-logo-trans","width":500,"height":500,"thumbnail":{"url":"np://user.desktop.nicepage.com/Site_361527955/images/thumbnails/mb-logo-trans.png","width":250,"height":250},"usages":["2368917131"]},{"id":"user-image-spcl-DUMPANEERKEGARLAY.jpg","publicUrl":"np://user.desktop.nicepage.com/Site_361527955/images/spcl-DUMPANEERKEGARLAY.jpg","size":1101606,"fileName":"spcl-DUMPANEERKEGARLAY.jpg","name":"spcl-DUMPANEERKEGARLAY","width":1920,"height":1883,"thumbnail":{"url":"np://user.desktop.nicepage.com/Site_361527955/images/thumbnails/spcl-DUMPANEERKEGARLAY.jpg","width":250,"height":245},"usages":["2368917131","224870509"]},{"id":"user-image-spcl-allepey-fish-curry.jpg","publicUrl":"np://user.desktop.nicepage.com/Site_361527955/images/spcl-allepey-fish-curry.jpg","size":837174,"fileName":"spcl-allepey-fish-curry.jpg","name":"spcl-allepey-fish-curry","width":1919,"height":1920,"thumbnail":{"url":"np://user.desktop.nicepage.com/Site_361527955/images/thumbnails/spcl-allepey-fish-curry.jpg","width":250,"height":250},"usages":["2368917131"]},{"id":"user-image-spcl-chicken-ghee-roast.jpg","publicUrl":"np://user.desktop.nicepage.com/Site_361527955/images/spcl-chicken-ghee-roast.jpg","size":1162186,"fileName":"spcl-chicken-ghee-roast.jpg","name":"spcl-chicken-ghee-roast","width":1919,"height":1920,"thumbnail":{"url":"np://user.desktop.nicepage.com/Site_361527955/images/thumbnails/spcl-chicken-ghee-roast.jpg","width":250,"height":250},"usages":["2368917131","224870509"]},{"id":"user-image-spcl-minaar-bhuna-ghost.jpg","publicUrl":"np://user.desktop.nicepage.com/Site_361527955/images/spcl-minaar-bhuna-ghost.jpg","size":1028760,"fileName":"spcl-minaar-bhuna-ghost.jpg","name":"spcl-minaar-bhuna-ghost","width":1919,"height":1920,"thumbnail":{"url":"np://user.desktop.nicepage.com/Site_361527955/images/thumbnails/spcl-minaar-bhuna-ghost.jpg","width":250,"height":250},"usages":["2368917131"]},{"id":"user-image-spcl-prawn-POLLICHATTU.jpg","publicUrl":"np://user.desktop.nicepage.com/Site_361527955/images/spcl-prawn-POLLICHATTU.jpg","size":1274528,"fileName":"spcl-prawn-POLLICHATTU.jpg","name":"spcl-prawn-POLLICHATTU","width":1920,"height":1920,"thumbnail":{"url":"np://user.desktop.nicepage.com/Site_361527955/images/thumbnails/spcl-prawn-POLLICHATTU.jpg","width":250,"height":250},"usages":["2368917131"]},{"id":"user-image-spcl-rowdy-biryani.jpg","publicUrl":"np://user.desktop.nicepage.com/Site_361527955/images/spcl-rowdy-biryani.jpg","size":1181596,"fileName":"spcl-rowdy-biryani.jpg","name":"spcl-rowdy-biryani","width":1919,"height":1920,"thumbnail":{"url":"np://user.desktop.nicepage.com/Site_361527955/images/thumbnails/spcl-rowdy-biryani.jpg","width":250,"height":250},"usages":["2368917131"]},{"id":"user-image-swiggy.jpg","publicUrl":"np://user.desktop.nicepage.com/Site_361527955/images/swiggy.jpg","size":30073,"fileName":"swiggy.jpg","name":"swiggy","width":500,"height":525,"thumbnail":{"url":"np://user.desktop.nicepage.com/Site_361527955/images/thumbnails/swiggy.jpg","width":238,"height":250},"usages":["2368917131"]},{"id":"user-image-tamil-updated.jpg","publicUrl":"np://user.desktop.nicepage.com/Site_361527955/images/tamil-updated.jpg","size":680830,"fileName":"tamil-updated.jpg","name":"tamil-updated","width":1920,"height":1286,"thumbnail":{"url":"np://user.desktop.nicepage.com/Site_361527955/images/thumbnails/tamil-updated.jpg","width":250,"height":167},"usages":["2368917131"]},{"id":"user-image-tamilnadu.jpg","publicUrl":"np://user.desktop.nicepage.com/Site_361527955/images/tamilnadu.jpg","size":648774,"fileName":"tamilnadu.jpg","name":"tamilnadu","width":1920,"height":1280,"thumbnail":{"url":"np://user.desktop.nicepage.com/Site_361527955/images/thumbnails/tamilnadu.jpg","width":250,"height":167},"usages":["224870509"]},{"id":"user-image-zomato.jpg","publicUrl":"np://user.desktop.nicepage.com/Site_361527955/images/zomato.jpg","size":28400,"fileName":"zomato.jpg","name":"zomato","width":500,"height":525,"thumbnail":{"url":"np://user.desktop.nicepage.com/Site_361527955/images/thumbnails/zomato.jpg","width":238,"height":250},"usages":["2368917131"]}]