[{"id":1144817901,"status":2,"title":"Blog Template","order":1,"templateKey":"blog","customTemplate":false,"customTemplateFilename":null,"pageLinks":[],"dateCreated":"2023-07-21T12:56:08.984Z","dateUpdated":"2023-07-21T12:56:08.984Z","folderId":null,"pageName":"Blog Template"},{"id":14947148,"status":2,"title":"Post Template","order":2,"templateKey":"post","customTemplate":false,"customTemplateFilename":null,"pageLinks":[],"dateCreated":"2023-07-21T12:56:10.083Z","dateUpdated":"2023-07-21T12:56:10.083Z","folderId":null,"pageName":"Post Template"},{"id":1510407194,"status":2,"title":"Product List Template","order":3,"templateKey":"products","customTemplate":false,"customTemplateFilename":null,"pageLinks":[],"dateCreated":"2023-07-21T12:56:10.893Z","dateUpdated":"2023-07-21T12:56:10.893Z","folderId":null,"pageName":"Product List Template"},{"id":193007291,"status":2,"title":"Product Details Template","order":4,"templateKey":"product","customTemplate":false,"customTemplateFilename":null,"pageLinks":[],"dateCreated":"2023-07-21T12:56:11.100Z","dateUpdated":"2023-07-21T12:56:11.100Z","folderId":null,"pageName":"Product Details Template"},{"id":123317934,"status":2,"title":"Shopping Cart Template","order":5,"templateKey":"cart","customTemplate":false,"customTemplateFilename":null,"pageLinks":[],"dateCreated":"2023-07-21T12:56:11.296Z","dateUpdated":"2023-07-21T12:56:11.296Z","folderId":null,"pageName":"Shopping Cart Template"},{"id":794404164,"status":2,"title":"Checkout Template","order":6,"templateKey":"checkout","customTemplate":false,"customTemplateFilename":null,"pageLinks":[],"dateCreated":"2023-07-21T12:56:11.520Z","dateUpdated":"2023-07-21T12:56:11.520Z","folderId":null,"pageName":"Checkout Template"},{"id":124276988,"status":2,"title":"Login Template","order":7,"templateKey":"login","customTemplate":false,"customTemplateFilename":null,"pageLinks":[],"dateCreated":"2023-07-21T12:56:11.660Z","dateUpdated":"2023-07-21T12:56:11.660Z","folderId":null,"pageName":"Login Template"},{"id":2726813822,"status":2,"title":"Page Password Template","order":8,"templateKey":"password","customTemplate":false,"customTemplateFilename":null,"pageLinks":[],"dateCreated":"2023-07-21T12:56:12.106Z","dateUpdated":"2023-07-21T12:56:12.106Z","folderId":null,"pageName":"Page Password Template"},{"id":50043636,"status":2,"title":"404 Not Found Template","order":9,"templateKey":"404","customTemplate":false,"customTemplateFilename":null,"pageLinks":[],"dateCreated":"2023-07-21T12:56:12.189Z","dateUpdated":"2023-07-21T12:56:12.189Z","folderId":null,"pageName":"404 Not Found Template"},{"id":2368917131,"status":2,"title":"Minaar Biriyani","order":50,"templateKey":null,"customTemplate":false,"customTemplateFilename":null,"pageLinks":["224870509"],"dateCreated":"2023-07-21T12:56:49.724Z","dateUpdated":"2023-08-16T09:06:53.386Z","folderId":null,"pageName":"Minaar Biriyani_2368917131"},{"id":224870509,"status":2,"title":"Minaar biriyani - Menu","order":51,"templateKey":null,"customTemplate":false,"customTemplateFilename":null,"pageLinks":[],"dateCreated":"2023-08-10T08:41:12.368Z","dateUpdated":"2023-08-16T08:25:38.540Z","folderId":null,"pageName":"Minaar biriyani - Menu_224870509"}]